<?php $val = array (
  381 => 'catalog/journal3/products/sports/6.jpg',
  382 => 'catalog/journal3/products/sports/6b.jpg',
  410 => 'catalog/products/mdh-138/2.jpg',
  406 => 'catalog/products/bdv-12l/3.png',
  470 => 'catalog/products/bytovoj-osushitel-ballu-bd15er/Ballu-BD15ER-2-Ventbazar.ua.jpg',
  412 => 'catalog/products/celsius-mdh-158-p/2.jpg',
  413 => 'catalog/products/celsius-mdh-60/2.jpg',
  414 => 'catalog/products/celsius-mdh120/4.jpg',
  417 => 'catalog/products/cooper-hunter-ch-d008wdn7-20ld/2.jpg',
  419 => 'catalog/products/cooper-hunter-ch-d014wd5/3.jpg',
  421 => 'catalog/products/cooper-hunter-ch-d022wdr7/3.png',
  424 => 'catalog/products/cooper-hunter-ch-d042wd-new/osushitel_cooperhunter_ch-d025wd_new-2_1.jpg',
  433 => 'catalog/products/dantherm-cdp-70/6.jpg',
  435 => 'catalog/products/humicel-cls-90h/Humicel CLS-90H-2.jpg',
  436 => 'catalog/products/humicel-dh-90/6.jpg',
  437 => 'catalog/products/humicel-mdh-50r/6.jpg',
  438 => 'catalog/products/humicel-mdh-90r/2.jpg',
  442 => 'catalog/products/trotec-ttk-125-s/3.jpg',
  443 => 'catalog/products/trotec-ttk-140-s/6.jpg',
  445 => 'catalog/products/trotec-ttk-165-eco/2.jpg',
  447 => 'catalog/products/trotec-ttk-170-s/2.jpg',
  448 => 'catalog/products/trotec-ttk-170-eco/2.jpg',
  449 => 'catalog/products/trotec-ttk-171-eco/2.jpg',
  450 => 'catalog/products/trotec-ttk-200/3.jpg',
  451 => 'catalog/products/trotec-ttk-350-s/2.jpg',
  452 => 'catalog/products/trotec-ttk-355-s/2.jpg',
  453 => 'catalog/products/trotec-ttk-380-eco/2.png',
  454 => 'catalog/products/trotec-ttk-400/3.jpg',
  455 => 'catalog/products/trotec-ttk-53-e/4.jpg',
  457 => 'catalog/products/trotec-ttk-650-s/3.jpg',
  458 => 'catalog/products/trotec-ttk-655-s/2.png',
  459 => 'catalog/products/trotec-ttk-68-e/osushitel_trotec-ttk-68-e_01.jpg',
  460 => 'catalog/products/trotec-ttk-75-eco/2.jpg',
  461 => 'catalog/products/trotec-ttk-800/2.jpg',
  462 => 'catalog/products/trotec-ttp-10-e/4.jpg',
  463 => 'catalog/products/trotec-ttr-200/6.jpg',
  466 => 'catalog/products/trotec-ttr-300/6.jpg',
  467 => 'catalog/products/trotec-ttr-400/6.jpg',
  468 => 'catalog/products/trotec-ttr-400-d/6.jpg',
  469 => 'catalog/products/trotec-ttr-500-d/6.jpg',
  471 => 'catalog/products/ballu-bd25er/ballu_BD25ER-3-Ventbazar.ua.jpg',
  472 => 'catalog/products/ballu-bd30u/ballu_bd30u_v-interere1-ventbazar.ua.png',
  473 => 'catalog/products/ballu-bd60u/ballu_bd60u_1-ventbazar.ua.png',
  474 => 'catalog/products/ballu-bdt-25l/4.png',
  475 => 'catalog/products/ballu-bdt-35l/5.png',
  476 => 'catalog/products/cooper-hunter-ch-d005wd2-12ld/CH-D005WD2-12LD-1.png',
  477 => 'catalog/products/cooper-hunter-ch-d005wd8-12ld/3.jpg',
  478 => 'catalog/products/cooper-hunter-ch-d008wd2-16ld/3.jpg',
  479 => 'catalog/products/cooper-hunter-ch-d008wdp7-20ld/2.jpg',
  481 => 'catalog/products/cooper-hunter-ch-d010wd2-24ld-new/ch-d010wd2-24ld-new-1.jpg',
  485 => 'catalog/products/cooperhunter-ch-d014wdr20/cooper_hunter_CH-D014WDR20-panel-ventbazar.ua.jpg',
  486 => 'catalog/products/cooper-hunter-ch-d016wdn7-40ld/2.jpg',
  487 => 'catalog/products/cooperhunter-ch-d016wdp7-20ld/2.jpg',
  488 => 'catalog/products/cooperhunter-ch-d016wdp7-40ld/cooper_hunter_chd016wdp7_40ld_1-ventbazar.ua.jpg',
  489 => 'catalog/products/electrolux-edh-12l/Electrolux EDH-12L_4_Ventbazar.ua.jpg',
  490 => 'catalog/products/electrolux-edh-25l/Electrolux EDH-25L_4_Ventbazar.ua.jpg',
  492 => 'catalog/products/mycond-roomer-smart-12/mycond roomer-smart 12 - 2.jpg',
  497 => 'catalog/products/tcl-dea25eb/bitovie_tcl_dea25eb_panel_upravleniya_ventbazar_ua.png',
  498 => 'catalog/products/tcl-deva10eb/bitovie_tcl_deva10eb_bak.png',
  499 => 'catalog/products/zanussi-zdh-12l/zanussi_ZDH-12L-v-interere-ventbazar.ua.png',
  500 => 'catalog/products/zanussi-zdh-40l/zanussi_ZDH-40L-3-ventbazar.ua.png',
  501 => 'catalog/products/cooper-hunter-ch-d90fp/cooper_hunter_CH-D90FP-2-ventbazar.ua.jpg',
  502 => 'catalog/products/celsius-dh-150/6.jpg',
  491 => 'catalog/products/mycond-roomer-eco-25/MYCOND_Roomer_Eco_25_7-ventbazar.jpg',
  493 => 'catalog/products/mycond-roomer-smart-25/Mycond_Roomer_Smart 25-red.png',
  494 => 'catalog/products/mycond-tibo-eco-10/Mycond_Tibo_eco_10_saze-Ventbazar.jpg',
  495 => 'catalog/products/mycond-tibo-smart-12/myconf-tibo-smart-12-1-Ventbazar.jpg',
  496 => 'catalog/products/mycond-yugo-smart-16/mycond yugo smart 16 -1.jpg',
  420 => 'catalog/products/cooper-hunter-ch-d016wdr7/2.png',
  512 => 'catalog/ продуктов/2.png',
);